{
  "summary": {
    "total_time": 167.93398673000002,
    "total_signals": 8542,
    "total_trades": 2185,
    "total_trading_days": 248,
    "signals_per_second": 50.86522487990242,
    "trades_per_second": 13.011064898453148,
    "days_per_second": 1.4767707527763756
  },
  "stages": {
    "total_backtest": {
      "duration": 167.65073862500003,
      "percentage": 99.83133366240189,
      "memory_before_mb": 756.3046875,
      "memory_after_mb": 873.48046875,
      "memory_peak_mb": 32.45729923248291,
      "cpu_avg_percent": 0.0,
      "details": {}
    },
    "strategy_setup": {
      "duration": 0.0003582289998576016,
      "percentage": 0.00021331536684920905,
      "memory_before_mb": 756.3046875,
      "memory_after_mb": 756.3046875,
      "memory_peak_mb": 0.04691123962402344,
      "cpu_avg_percent": 0.0,
      "details": {
        "strategy_name": "macd",
        "stock_count": 500
      }
    },
    "data_loading": {
      "duration": 12.224348061,
      "percentage": 7.279257938807822,
      "memory_before_mb": 756.3046875,
      "memory_after_mb": 848.71875,
      "memory_peak_mb": 13.331450462341309,
      "cpu_avg_percent": 4.95,
      "details": {
        "stock_codes": [
          "002413.SZ",
          "301156.SZ",
          "000995.SZ",
          "301043.SZ",
          "600710.SH",
          "301021.SZ",
          "300303.SZ",
          "300800.SZ",
          "300049.SZ",
          "002369.SZ",
          "000967.SZ",
          "300584.SZ",
          "000966.SZ",
          "002035.SZ",
          "300662.SZ",
          "002391.SZ",
          "300098.SZ",
          "000655.SZ",
          "300123.SZ",
          "300711.SZ",
          "300250.SZ",
          "002003.SZ",
          "002828.SZ",
          "301359.SZ",
          "301179.SZ",
          "002079.SZ",
          "002574.SZ",
          "002394.SZ",
          "300576.SZ",
          "300978.SZ",
          "301301.SZ",
          "002141.SZ",
          "001313.SZ",
          "002812.SZ",
          "301023.SZ",
          "003005.SZ",
          "002693.SZ",
          "002368.SZ",
          "002500.SZ",
          "300774.SZ",
          "300251.SZ",
          "300264.SZ",
          "000958.SZ",
          "000045.SZ",
          "002821.SZ",
          "001395.SZ",
          "000151.SZ",
          "003021.SZ",
          "000034.SZ",
          "300578.SZ",
          "300737.SZ",
          "002926.SZ",
          "002617.SZ",
          "300021.SZ",
          "003016.SZ",
          "003015.SZ",
          "002028.SZ",
          "002027.SZ",
          "002766.SZ",
          "300314.SZ",
          "000301.SZ",
          "300668.SZ",
          "002981.SZ",
          "002397.SZ",
          "002756.SZ",
          "000036.SZ",
          "300643.SZ",
          "300133.SZ",
          "300168.SZ",
          "300979.SZ",
          "301047.SZ",
          "002855.SZ",
          "300746.SZ",
          "300617.SZ",
          "000070.SZ",
          "301011.SZ",
          "002476.SZ",
          "002869.SZ",
          "002565.SZ",
          "300513.SZ",
          "300671.SZ",
          "000009.SZ",
          "301045.SZ",
          "300740.SZ",
          "300710.SZ",
          "300827.SZ",
          "002061.SZ",
          "001298.SZ",
          "300595.SZ",
          "301195.SZ",
          "002138.SZ",
          "002494.SZ",
          "301280.SZ",
          "002561.SZ",
          "000001.SZ",
          "300839.SZ",
          "300322.SZ",
          "001219.SZ",
          "300393.SZ",
          "000055.SZ",
          "000029.SZ",
          "301283.SZ",
          "301038.SZ",
          "000820.SZ",
          "300499.SZ",
          "300801.SZ",
          "002692.SZ",
          "002149.SZ",
          "300005.SZ",
          "002837.SZ",
          "300200.SZ",
          "002716.SZ",
          "301202.SZ",
          "002941.SZ",
          "300158.SZ",
          "300692.SZ",
          "301001.SZ",
          "300857.SZ",
          "300864.SZ",
          "002124.SZ",
          "300819.SZ",
          "002108.SZ",
          "300606.SZ",
          "301013.SZ",
          "001258.SZ",
          "300660.SZ",
          "300489.SZ",
          "002577.SZ",
          "002300.SZ",
          "300675.SZ",
          "000415.SZ",
          "301261.SZ",
          "002367.SZ",
          "002943.SZ",
          "300623.SZ",
          "601038.SH",
          "002905.SZ",
          "600116.SH",
          "600684.SH",
          "300685.SZ",
          "600938.SH",
          "000778.SZ",
          "600726.SH",
          "301039.SZ",
          "002657.SZ",
          "601901.SH",
          "002247.SZ",
          "605003.SH",
          "300865.SZ",
          "603166.SH",
          "600735.SH",
          "600458.SH",
          "002259.SZ",
          "600828.SH",
          "002896.SZ",
          "002859.SZ",
          "002383.SZ",
          "603196.SH",
          "002778.SZ",
          "600211.SH",
          "601166.SH",
          "601789.SH",
          "002139.SZ",
          "003013.SZ",
          "600278.SH",
          "600392.SH",
          "300613.SZ",
          "300994.SZ",
          "000766.SZ",
          "603235.SH",
          "600741.SH",
          "300284.SZ",
          "002446.SZ",
          "600483.SH",
          "600777.SH",
          "000691.SZ",
          "002469.SZ",
          "002978.SZ",
          "300995.SZ",
          "002638.SZ",
          "601116.SH",
          "601388.SH",
          "600356.SH",
          "002911.SZ",
          "600171.SH",
          "002140.SZ",
          "301196.SZ",
          "600685.SH",
          "600179.SH",
          "603097.SH",
          "600778.SH",
          "600559.SH",
          "002752.SZ",
          "301066.SZ",
          "002185.SZ",
          "002157.SZ",
          "300481.SZ",
          "002588.SZ",
          "000998.SZ",
          "002536.SZ",
          "301031.SZ",
          "603301.SH",
          "600800.SH",
          "600476.SH",
          "001206.SZ",
          "301059.SZ",
          "000632.SZ",
          "002145.SZ",
          "300515.SZ",
          "600820.SH",
          "600355.SH",
          "603023.SH",
          "600395.SH",
          "000419.SZ",
          "002390.SZ",
          "603281.SH",
          "002758.SZ",
          "603219.SH",
          "600063.SH",
          "300180.SZ",
          "300830.SZ",
          "002723.SZ",
          "600206.SH",
          "603042.SH",
          "600212.SH",
          "600527.SH",
          "603213.SH",
          "600080.SH",
          "002373.SZ",
          "600976.SH",
          "600062.SH",
          "000069.SZ",
          "600995.SH",
          "600570.SH",
          "300969.SZ",
          "600815.SH",
          "603036.SH",
          "002553.SZ",
          "002216.SZ",
          "603040.SH",
          "603045.SH",
          "600419.SH",
          "600180.SH",
          "002371.SZ",
          "600367.SH",
          "300497.SZ",
          "000816.SZ",
          "603280.SH",
          "600075.SH",
          "002988.SZ",
          "600117.SH",
          "000948.SZ",
          "300911.SZ",
          "600558.SH",
          "002448.SZ",
          "920403.BJ",
          "601992.SH",
          "300260.SZ",
          "600193.SH",
          "002646.SZ",
          "002532.SZ",
          "601007.SH",
          "601616.SH",
          "300488.SZ",
          "002803.SZ",
          "603679.SH",
          "300562.SZ",
          "000630.SZ",
          "603386.SH",
          "002670.SZ",
          "300719.SZ",
          "600502.SH",
          "002576.SZ",
          "002767.SZ",
          "601995.SH",
          "600235.SH",
          "600508.SH",
          "002652.SZ",
          "002886.SZ",
          "300294.SZ",
          "688036.SH",
          "603535.SH",
          "603387.SH",
          "600113.SH",
          "300398.SZ",
          "600649.SH",
          "000985.SZ",
          "300838.SZ",
          "688237.SH",
          "603517.SH",
          "603515.SH",
          "002146.SZ",
          "600744.SH",
          "000404.SZ",
          "603665.SH",
